,brand,website,,llogo,llogo,cate,,,,,,,,,,,,,,,,,cate_1,cate_2,cate_3,cate_4,cate_5,cate_6
1,9Anime,https://9animetv.to/,,https://www.google.com/s2/favicons?domain=9animetv.to/&sz=128,https://www.google.com/s2/favicons?domain=9animetv.to/&sz=128,"Anime Streaming Sites,Free TV Shows Streaming Sites",,,,,,,,,,,,,,,,,Anime Streaming Sites,Free TV Shows Streaming Sites,,,,
2,AbemaTV,https://abema.tv,,https://www.google.com/s2/favicons?domain=abema.tv&sz=128,https://www.google.com/s2/favicons?domain=abema.tv&sz=128,"Free Live TV Streaming Sites,Free Movies Streaming Sites,Anime Streaming Sites",,,,,,,,,,,,,,,,,Free Live TV Streaming Sites,Free Movies Streaming Sites,Anime Streaming Sites,,,
3,All 4,https://www.channel4.com,,https://www.google.com/s2/favicons?domain=www.channel4.com&sz=128,https://www.google.com/s2/favicons?domain=www.channel4.com&sz=128,"Free Live TV Streaming Sites,Live TV Streaming Sites,Free TV Shows Streaming Sites,Free Streaming Apps",,,,,,,,,,,,,,,,,Free Live TV Streaming Sites,Live TV Streaming Sites,Free TV Shows Streaming Sites,Free Streaming Apps,,
4,Amazon Video,https://www.amazon.com/gp/video/storefront/,,https://www.google.com/s2/favicons?domain=www.amazon.com/gp/video/storefront/&sz=128,https://www.google.com/s2/favicons?domain=www.amazon.com/gp/video/storefront/&sz=128,"Free Movies Streaming Sites,Free Live TV Streaming Sites,Free TV Shows Streaming Sites,Free Streaming Apps",,,,,,,,,,,,,,,,,Free Movies Streaming Sites,Free Live TV Streaming Sites,Free TV Shows Streaming Sites,Free Streaming Apps,,
5,Anilab,https://anilab.to/,,https://www.google.com/s2/favicons?domain=anilab.to/&sz=128,https://www.google.com/s2/favicons?domain=anilab.to/&sz=128,"Anime Streaming Sites,Free Streaming Apps",,,,,,,,,,,,,,,,,Anime Streaming Sites,Free Streaming Apps,,,,
6,AnimeHeaven,https://animeheaven.me,,https://www.google.com/s2/favicons?domain=animeheaven.me&sz=128,https://www.google.com/s2/favicons?domain=animeheaven.me&sz=128,Anime Streaming Sites,,,,,,,,,,,,,,,,,Anime Streaming Sites,,,,,
7,AnimeKai,https://anikai.to/,,https://www.google.com/s2/favicons?domain=anikai.to/&sz=128,https://www.google.com/s2/favicons?domain=anikai.to/&sz=128,Anime Streaming Sites,,,,,,,,,,,,,,,,,Anime Streaming Sites,,,,,
8,Animepahe,https://animepahe.ru,,https://www.google.com/s2/favicons?domain=animepahe.ru&sz=128,https://www.google.com/s2/favicons?domain=animepahe.ru&sz=128,Anime Streaming Sites,,,,,,,,,,,,,,,,,Anime Streaming Sites,,,,,
9,AniWatch,https://aniwatchtv.to,,https://www.google.com/s2/favicons?domain=aniwatchtv.to&sz=128,https://www.google.com/s2/favicons?domain=aniwatchtv.to&sz=128,Anime Streaming Sites,,,,,,,,,,,,,,,,,Anime Streaming Sites,,,,,
10,Apple TV+,https://tv.apple.com,,https://www.google.com/s2/favicons?domain=tv.apple.com&sz=128,https://www.google.com/s2/favicons?domain=tv.apple.com&sz=128,Best Movie Streaming Sites,,,,,,,,,,,,,,,,,Best Movie Streaming Sites,,,,,
11,AsianCrush,https://www.asiancrush.com,,https://www.google.com/s2/favicons?domain=www.asiancrush.com&sz=128,https://www.google.com/s2/favicons?domain=www.asiancrush.com&sz=128,Anime Streaming Sites,,,,,,,,,,,,,,,,,Anime Streaming Sites,,,,,
12,Bandai Channel,https://www.b-ch.com,,https://yt3.googleusercontent.com/r2fqg4H78apLGyS8CsiAEKkwp5YOk8RQR5v2_9IhD1MgvXTIuTutVTHNFKDf1AO8WBc5nBdJ=s900-c-k-c0x00ffffff-no-rj,https://yt3.googleusercontent.com/r2fqg4H78apLGyS8CsiAEKkwp5YOk8RQR5v2_9IhD1MgvXTIuTutVTHNFKDf1AO8WBc5nBdJ=s900-c-k-c0x00ffffff-no-rj,Anime Streaming Sites,,,,,,,,,,,,,,,,,Anime Streaming Sites,,,,,
13,Bilibili,https://www.bilibili.tv,,https://www.google.com/s2/favicons?domain=www.bilibili.tv&sz=128,https://www.google.com/s2/favicons?domain=www.bilibili.tv&sz=128,"Free Live TV Streaming Sites,Anime Streaming Sites,Free Streaming Apps",,,,,,,,,,,,,,,,,Free Live TV Streaming Sites,Anime Streaming Sites,Free Streaming Apps,,,
14,Blim TV,https://www.blim.tv,,https://cdn.aptoide.com/imgs/0/f/3/0f33269cf9d60f11c67c4afc9d283e2f_icon.png,https://cdn.aptoide.com/imgs/0/f/3/0f33269cf9d60f11c67c4afc9d283e2f_icon.png,Best Movie Streaming Sites,,,,,,,,,,,,,,,,,Best Movie Streaming Sites,,,,,
15,Boredflix,https://boredflix.com/,,https://www.google.com/s2/favicons?domain=boredflix.com/&sz=128,https://www.google.com/s2/favicons?domain=boredflix.com/&sz=128,Free Movies Streaming Sites,,,,,,,,,,,,,,,,,Free Movies Streaming Sites,,,,,
16,Canal+,https://www.canalplus.com,,https://www.google.com/s2/favicons?domain=www.canalplus.com&sz=128,https://www.google.com/s2/favicons?domain=www.canalplus.com&sz=128,"Live TV Streaming Sites,Best Movie Streaming Sites",,,,,,,,,,,,,,,,,Live TV Streaming Sites,Best Movie Streaming Sites,,,,
17,Cineby,www.cineby.gd,,https://www.google.com/s2/favicons?domain=www.cineby.gd&sz=128,https://www.google.com/s2/favicons?domain=www.cineby.gd&sz=128,Free Movies Streaming Sites,,,,,,,,,,,,,,,,,Free Movies Streaming Sites,,,,,
18,Claro Video,https://www.clarovideo.com,,https://www.google.com/s2/favicons?domain=www.clarovideo.com&sz=128,https://www.google.com/s2/favicons?domain=www.clarovideo.com&sz=128,Best Movie Streaming Sites,,,,,,,,,,,,,,,,,Best Movie Streaming Sites,,,,,
19,CONtv,https://www.con.tv,,https://betechwise.com/wp-content/uploads/2024/01/460x0w-3-2.webp,https://www.google.com/s2/favicons?domain=www.con.tv&sz=128,"Free Live TV Streaming Sites,Free TV Shows Streaming Sites,Anime Streaming Sites,Free Streaming Apps",,,,,,,,,,,,,,,,,Free Live TV Streaming Sites,Free TV Shows Streaming Sites,Anime Streaming Sites,Free Streaming Apps,,
20,Crackle,https://www.crackle.com.in/,,https://www.google.com/s2/favicons?domain=www.crackle.com.in/&sz=128,https://www.google.com/s2/favicons?domain=www.crackle.com.in/&sz=128,"Free Movies Streaming Sites,Free Live TV Streaming Sites,Free TV Shows Streaming Sites,Free Streaming Apps",,,,,,,,,,,,,,,,,Free Movies Streaming Sites,Free Live TV Streaming Sites,Free TV Shows Streaming Sites,Free Streaming Apps,,
21,Crunchyroll,https://www.crunchyroll.com,,https://www.google.com/s2/favicons?domain=www.crunchyroll.com&sz=128,https://www.google.com/s2/favicons?domain=www.crunchyroll.com&sz=128,Anime Streaming Sites,,,,,,,,,,,,,,,,,Anime Streaming Sites,,,,,
22,d Anime Store,https://animestore.docomo.ne.jp,,https://www.google.com/s2/favicons?domain=animestore.docomo.ne.jp&sz=128,https://www.google.com/s2/favicons?domain=animestore.docomo.ne.jp&sz=128,Anime Streaming Sites,,,,,,,,,,,,,,,,,Anime Streaming Sites,,,,,
23,DirecTV Stream,https://www.directv.com/stream,,https://www.google.com/s2/favicons?domain=www.directv.com/stream&sz=128,https://www.google.com/s2/favicons?domain=www.directv.com/stream&sz=128,"Live TV Streaming Sites,Best Movie Streaming Sites",,,,,,,,,,,,,,,,,Live TV Streaming Sites,Best Movie Streaming Sites,,,,
24,Discovery+,https://www.discoveryplus.com,,https://www.google.com/s2/favicons?domain=www.discoveryplus.com&sz=128,https://www.google.com/s2/favicons?domain=www.discoveryplus.com&sz=128,"Free Streaming Apps,Best Movie Streaming Sites",,,,,,,,,,,,,,,,,Free Streaming Apps,Best Movie Streaming Sites,,,,
25,Disney+,https://www.disneyplus.com,,https://www.google.com/s2/favicons?domain=www.disneyplus.com&sz=128,https://www.google.com/s2/favicons?domain=www.disneyplus.com&sz=128,"Anime Streaming Sites,Best Movie Streaming Sites",,,,,,,,,,,,,,,,,Anime Streaming Sites,Best Movie Streaming Sites,,,,
26,Disney+ Hotstar,https://www.hotstar.com,,https://www.google.com/s2/favicons?domain=www.hotstar.com&sz=128,https://www.google.com/s2/favicons?domain=www.hotstar.com&sz=128,Best Movie Streaming Sites,,,,,,,,,,,,,,,,,Best Movie Streaming Sites,,,,,
27,DMM TV,https://tv.dmm.com,,https://www.google.com/s2/favicons?domain=tv.dmm.com&sz=128,https://www.google.com/s2/favicons?domain=tv.dmm.com&sz=128,Anime Streaming Sites,,,,,,,,,,,,,,,,,Anime Streaming Sites,,,,,
28,DoraWatch,https://dorawatch.net/,,https://www.google.com/s2/favicons?domain=dorawatch.net/&sz=128,https://www.google.com/s2/favicons?domain=dorawatch.net/&sz=128,Free Movies Streaming Sites,,,,,,,,,,,,,,,,,Free Movies Streaming Sites,,,,,
29,Flixtor,https://flixtor.to,,https://www.google.com/s2/favicons?domain=flixtor.to&sz=128,https://www.google.com/s2/favicons?domain=flixtor.to&sz=128,Free Movies Streaming Sites,,,,,,,,,,,,,,,,,Free Movies Streaming Sites,,,,,
30,Fmovies,https://ww4.fmovies.co/,,https://www.google.com/s2/favicons?domain=ww4.fmovies.co/&sz=128,https://www.google.com/s2/favicons?domain=ww4.fmovies.co/&sz=128,Free Movies Streaming Sites,,,,,,,,,,,,,,,,,Free Movies Streaming Sites,,,,,
31,fubo,https://www.fubo.tv,,https://www.google.com/s2/favicons?domain=www.fubo.tv&sz=128,https://www.google.com/s2/favicons?domain=www.fubo.tv&sz=128,Live TV Streaming Sites,,,,,,,,,,,,,,,,,Live TV Streaming Sites,,,,,
32,Globoplay,https://globoplay.globo.com,,https://www.google.com/s2/favicons?domain=globoplay.globo.com&sz=128,https://www.google.com/s2/favicons?domain=globoplay.globo.com&sz=128,"Best Movie Streaming Sites,Free TV Shows Streaming Sites",,,,,,,,,,,,,,,,,Best Movie Streaming Sites,Free TV Shows Streaming Sites,,,,
33,Gogoanime,https://gogoanime3.net,,https://encrypted-tbn0.gstatic.com/images?q=tbn:ANd9GcR-89EzRy6gOeV_P6swaSGXeZbDhuNaEXNWlw&s,https://encrypted-tbn0.gstatic.com/images?q=tbn:ANd9GcR-89EzRy6gOeV_P6swaSGXeZbDhuNaEXNWlw&s,"Anime Streaming Sites,Free Movies Streaming Sites,Free TV Shows Streaming Sites",,,,,,,,,,,,,,,,,Anime Streaming Sites,Free Movies Streaming Sites,Free TV Shows Streaming Sites,,,
34,Goojara,https://ww1.goojara.to/,,https://online.anyflip.com/bddfa/accountlogo.png?0,https://online.anyflip.com/bddfa/accountlogo.png?0,Free Movies Streaming Sites,,,,,,,,,,,,,,,,,Free Movies Streaming Sites,,,,,
35,Hianime,https://hianime.to,,https://www.google.com/s2/favicons?domain=hianime.to&sz=128,https://www.google.com/s2/favicons?domain=hianime.to&sz=128,Anime Streaming Sites,,,,,,,,,,,,,,,,,Anime Streaming Sites,,,,,
36,HIDIVE,https://www.hidive.com,,https://www.google.com/s2/favicons?domain=www.hidive.com&sz=128,https://www.google.com/s2/favicons?domain=www.hidive.com&sz=128,Anime Streaming Sites,,,,,,,,,,,,,,,,,Anime Streaming Sites,,,,,
37,Hoopla,https://www.hoopladigital.com,,https://www.google.com/s2/favicons?domain=www.hoopladigital.com&sz=128,https://www.google.com/s2/favicons?domain=www.hoopladigital.com&sz=128,"Free TV Shows Streaming Sites,Free Streaming Apps",,,,,,,,,,,,,,,,,Free TV Shows Streaming Sites,Free Streaming Apps,,,,
38,Hulu,https://www.hulu.com,,https://www.google.com/s2/favicons?domain=www.hulu.com&sz=128,https://www.google.com/s2/favicons?domain=www.hulu.com&sz=128,"Live TV Streaming Sites,Anime Streaming Sites,Best Movie Streaming Sites",,,,,,,,,,,,,,,,,Live TV Streaming Sites,Anime Streaming Sites,Best Movie Streaming Sites,,,
39,Iflix,https://www.iflix.com,,https://www.google.com/s2/favicons?domain=www.iflix.com&sz=128,https://www.google.com/s2/favicons?domain=www.iflix.com&sz=128,"Anime Streaming Sites,Best Movie Streaming Sites,Free Streaming Apps",,,,,,,,,,,,,,,,,Anime Streaming Sites,Best Movie Streaming Sites,Free Streaming Apps,,,
40,iQIYI,https://www.iqiyi.com,,https://www.google.com/s2/favicons?domain=www.iqiyi.com&sz=128,https://www.google.com/s2/favicons?domain=www.iqiyi.com&sz=128,Best Movie Streaming Sites,,,,,,,,,,,,,,,,,Best Movie Streaming Sites,,,,,
41,JioCinema,https://www.jiocinema.com,,https://upload.wikimedia.org/wikipedia/commons/1/14/Jiocinema.png,https://upload.wikimedia.org/wikipedia/commons/1/14/Jiocinema.png,"Free Live TV Streaming Sites,Free TV Shows Streaming Sites,Free Streaming Apps",,,,,,,,,,,,,,,,,Free Live TV Streaming Sites,Free TV Shows Streaming Sites,Free Streaming Apps,,,
42,Kanopy,https://www.kanopy.com,,https://www.google.com/s2/favicons?domain=www.kanopy.com&sz=128,https://www.google.com/s2/favicons?domain=www.kanopy.com&sz=128,"Free Movies Streaming Sites,Free Live TV Streaming Sites,Free TV Shows Streaming Sites,Free Streaming Apps",,,,,,,,,,,,,,,,,Free Movies Streaming Sites,Free Live TV Streaming Sites,Free TV Shows Streaming Sites,Free Streaming Apps,,
43,MappleTV,https://mapple.mov/,,https://www.google.com/s2/favicons?domain=mapple.mov/&sz=128,https://www.google.com/s2/favicons?domain=mapple.mov/&sz=128,"Free Movies Streaming Sites,Free Streaming Apps",,,,,,,,,,,,,,,,,Free Movies Streaming Sites,Free Streaming Apps,,,,
44,Max (HBO Max),https://www.max.com,,https://www.google.com/s2/favicons?domain=www.max.com&sz=128,https://www.google.com/s2/favicons?domain=www.max.com&sz=128,"Best Movie Streaming Sites,Anime Streaming Sites",,,,,,,,,,,,,,,,,Best Movie Streaming Sites,Anime Streaming Sites,,,,
45,MGM+,https://www.mgmplus.com,,https://www.google.com/s2/favicons?domain=www.mgmplus.com&sz=128,https://www.google.com/s2/favicons?domain=www.mgmplus.com&sz=128,Best Movie Streaming Sites,,,,,,,,,,,,,,,,,Best Movie Streaming Sites,,,,,
46,Milplus,https://lp.milplus.jp/,,https://www.google.com/s2/favicons?domain=lp.milplus.jp/&sz=128,https://www.google.com/s2/favicons?domain=lp.milplus.jp/&sz=128,Anime Streaming Sites,,,,,,,,,,,,,,,,,Anime Streaming Sites,,,,,
47,MX Player,https://www.mxplayer.in,,https://www.google.com/s2/favicons?domain=www.mxplayer.in&sz=128,https://www.google.com/s2/favicons?domain=www.mxplayer.in&sz=128,"Free TV Shows Streaming Sites,Free Streaming Apps",,,,,,,,,,,,,,,,,Free TV Shows Streaming Sites,Free Streaming Apps,,,,
48,MyVideo,https://www.myvideo.net.tw,,https://www.google.com/s2/favicons?domain=www.myvideo.net.tw&sz=128,https://www.google.com/s2/favicons?domain=www.myvideo.net.tw&sz=128,"Anime Streaming Sites,Best Movie Streaming Sites,Free Streaming Apps",,,,,,,,,,,,,,,,,Anime Streaming Sites,Best Movie Streaming Sites,Free Streaming Apps,,,
49,Netflix,https://www.netflix.com,,https://www.google.com/s2/favicons?domain=www.netflix.com&sz=128,https://www.google.com/s2/favicons?domain=www.netflix.com&sz=128,"Best Movie Streaming Sites,Anime Streaming Sites",,,,,,,,,,,,,,,,,Best Movie Streaming Sites,Anime Streaming Sites,,,,
50,Nico Nico Channel,https://ch.nicovideo.jp,,https://www.google.com/s2/favicons?domain=ch.nicovideo.jp&sz=128,https://www.google.com/s2/favicons?domain=ch.nicovideo.jp&sz=128,Anime Streaming Sites,,,,,,,,,,,,,,,,,Anime Streaming Sites,,,,,
51,Now TV,https://www.nowtv.com,,https://www.google.com/s2/favicons?domain=www.nowtv.com&sz=128,https://www.google.com/s2/favicons?domain=www.nowtv.com&sz=128,"Live TV Streaming Sites,Best Movie Streaming Sites",,,,,,,,,,,,,,,,,Live TV Streaming Sites,Best Movie Streaming Sites,,,,
52,Paramount+,https://www.paramountplus.com,,https://www.google.com/s2/favicons?domain=www.paramountplus.com&sz=128,https://www.google.com/s2/favicons?domain=www.paramountplus.com&sz=128,"Live TV Streaming Sites,Best Movie Streaming Sites",,,,,,,,,,,,,,,,,Live TV Streaming Sites,Best Movie Streaming Sites,,,,
53,Peacock,https://www.peacocktv.com,,https://www.google.com/s2/favicons?domain=www.peacocktv.com&sz=128,https://www.google.com/s2/favicons?domain=www.peacocktv.com&sz=128,"Live TV Streaming Sites,Best Movie Streaming Sites",,,,,,,,,,,,,,,,,Live TV Streaming Sites,Best Movie Streaming Sites,,,,
54,Philo,https://www.philo.com,,https://www.google.com/s2/favicons?domain=www.philo.com&sz=128,https://www.google.com/s2/favicons?domain=www.philo.com&sz=128,Live TV Streaming Sites,,,,,,,,,,,,,,,,,Live TV Streaming Sites,,,,,
55,Pluto TV,https://pluto.tv,,https://www.google.com/s2/favicons?domain=pluto.tv&sz=128,https://www.google.com/s2/favicons?domain=pluto.tv&sz=128,"Free Movies Streaming Sites,Free Live TV Streaming Sites,Free TV Shows Streaming Sites,Free Streaming Apps",,,,,,,,,,,,,,,,,Free Movies Streaming Sites,Free Live TV Streaming Sites,Free TV Shows Streaming Sites,Free Streaming Apps,,
56,Popcornflix,https://www.popcornflix.com,,https://www.google.com/s2/favicons?domain=www.popcornflix.com&sz=128,https://www.google.com/s2/favicons?domain=www.popcornflix.com&sz=128,"Free Movies Streaming Sites,Free Live TV Streaming Sites,Free TV Shows Streaming Sites,Free Streaming Apps",,,,,,,,,,,,,,,,,Free Movies Streaming Sites,Free Live TV Streaming Sites,Free TV Shows Streaming Sites,Free Streaming Apps,,
57,PopcornMovies,popcornmovies.org,,https://www.google.com/s2/favicons?domain=popcornmovies.org&sz=128,https://www.google.com/s2/favicons?domain=popcornmovies.org&sz=128,Free Streaming Apps,,,,,,,,,,,,,,,,,Free Streaming Apps,,,,,
58,PressPlay,pressplay.top,,https://www.google.com/s2/favicons?domain=pressplay.top&sz=128,https://www.google.com/s2/favicons?domain=pressplay.top&sz=128,Free Movies Streaming Sites,,,,,,,,,,,,,,,,,Free Movies Streaming Sites,,,,,
59,Prime Video,https://www.primevideo.com,,https://www.google.com/s2/favicons?domain=www.primevideo.com&sz=128,https://www.google.com/s2/favicons?domain=www.primevideo.com&sz=128,Best Movie Streaming Sites,,,,,,,,,,,,,,,,,Best Movie Streaming Sites,,,,,
60,Project Free TV,https://www.projectfreetv.lol/,,https://www.google.com/s2/favicons?domain=www.projectfreetv.lol/&sz=128,https://www.google.com/s2/favicons?domain=www.projectfreetv.lol/&sz=128,Free Movies Streaming Sites,,,,,,,,,,,,,,,,,Free Movies Streaming Sites,,,,,
62,Redbox,https://www.redbox.com,,https://downloadr2.apkmirror.com/wp-content/uploads/2018/11/5bdb91accfa34.png,https://downloadr2.apkmirror.com/wp-content/uploads/2018/11/5bdb91accfa34.png,Best Movie Streaming Sites,,,,,,,,,,,,,,,,,Best Movie Streaming Sites,,,,,
63,RetroCrush,https://www.retrocrush.tv,,https://www.google.com/s2/favicons?domain=www.retrocrush.tv&sz=128,https://www.google.com/s2/favicons?domain=www.retrocrush.tv&sz=128,"Anime Streaming Sites,Free Streaming Apps",,,,,,,,,,,,,,,,,Anime Streaming Sites,Free Streaming Apps,,,,
64,RidoMovies,https://ridomovies.tv/channels,,https://www.google.com/s2/favicons?domain=ridomovies.tv/channels&sz=128,https://www.google.com/s2/favicons?domain=ridomovies.tv/channels&sz=128,Free Movies Streaming Sites,,,,,,,,,,,,,,,,,Free Movies Streaming Sites,,,,,
65,Series2Watch,https://series2watch.net/,,https://www.google.com/s2/favicons?domain=series2watch.net/&sz=128,https://www.google.com/s2/favicons?domain=series2watch.net/&sz=128,Free Movies Streaming Sites,,,,,,,,,,,,,,,,,Free Movies Streaming Sites,,,,,
66,Showmax,https://www.showmax.com,,https://www.google.com/s2/favicons?domain=www.showmax.com&sz=128,https://www.google.com/s2/favicons?domain=www.showmax.com&sz=128,Best Movie Streaming Sites,,,,,,,,,,,,,,,,,Best Movie Streaming Sites,,,,,
67,Sky Go/Now,https://www.sky.com/watch/now,,https://www.google.com/s2/favicons?domain=www.sky.com/watch/now&sz=128,https://www.google.com/s2/favicons?domain=www.sky.com/watch/now&sz=128,"Live TV Streaming Sites,Best Movie Streaming Sites",,,,,,,,,,,,,,,,,Live TV Streaming Sites,Best Movie Streaming Sites,,,,
68,Sling TV,https://www.sling.com,,https://www.google.com/s2/favicons?domain=www.sling.com&sz=128,https://www.google.com/s2/favicons?domain=www.sling.com&sz=128,Live TV Streaming Sites,,,,,,,,,,,,,,,,,Live TV Streaming Sites,,,,,
69,SonyLIV,https://www.sonyliv.com,,https://www.google.com/s2/favicons?domain=www.sonyliv.com&sz=128,https://www.google.com/s2/favicons?domain=www.sonyliv.com&sz=128,"Free TV Shows Streaming Sites,Free Streaming Apps,Free Movies Streaming Sites,Free Live TV Streaming Sites",,,,,,,,,,,,,,,,,Free TV Shows Streaming Sites,Free Streaming Apps,Free Movies Streaming Sites,Free Live TV Streaming Sites,,
70,Starz,https://www.starz.com,,https://www.google.com/s2/favicons?domain=www.starz.com&sz=128,https://www.google.com/s2/favicons?domain=www.starz.com&sz=128,Best Movie Streaming Sites,,,,,,,,,,,,,,,,,Best Movie Streaming Sites,,,,,
71,Tencent Video,https://v.qq.com,,https://www.google.com/s2/favicons?domain=v.qq.com&sz=128,https://www.google.com/s2/favicons?domain=v.qq.com&sz=128,Best Movie Streaming Sites,,,,,,,,,,,,,,,,,Best Movie Streaming Sites,,,,,
72,Tubi,https://tubitv.com,,https://www.google.com/s2/favicons?domain=tubitv.com&sz=128,https://www.google.com/s2/favicons?domain=tubitv.com&sz=128,"Free Movies Streaming Sites,Free Live TV Streaming Sites,Live TV Streaming Sites,Anime Streaming Sites",,,,,,,,,,,,,,,,,Free Movies Streaming Sites,Free Live TV Streaming Sites,Live TV Streaming Sites,Anime Streaming Sites,Free TV Shows Streaming Sites,Free Streaming Apps
73,U-NEXT,https://video.unext.jp,,https://www.google.com/s2/favicons?domain=video.unext.jp&sz=128,https://www.google.com/s2/favicons?domain=video.unext.jp&sz=128,Anime Streaming Sites,,,,,,,,,,,,,,,,,Anime Streaming Sites,,,,,
74,Viu,https://www.viu.com,,https://www.google.com/s2/favicons?domain=www.viu.com&sz=128,https://www.google.com/s2/favicons?domain=www.viu.com&sz=128,"Anime Streaming Sites,Best Movie Streaming Sites,Free TV Shows Streaming Sites,Free Streaming Apps",,,,,,,,,,,,,,,,,Anime Streaming Sites,Best Movie Streaming Sites,Free TV Shows Streaming Sites,Free Streaming Apps,,
75,VIZ Media,https://www.viz.com,,https://www.google.com/s2/favicons?domain=www.viz.com&sz=128,https://www.google.com/s2/favicons?domain=www.viz.com&sz=128,Anime Streaming Sites,,,,,,,,,,,,,,,,,Anime Streaming Sites,,,,,
76,Vudu,https://www.vudu.com,,https://www.google.com/s2/favicons?domain=www.vudu.com&sz=128,https://www.google.com/s2/favicons?domain=www.vudu.com&sz=128,"Free Movies Streaming Sites,Best Movie Streaming Sites",,,,,,,,,,,,,,,,,Free Movies Streaming Sites,Best Movie Streaming Sites,,,,
77,VVVVID,https://www.vvvvid.it,,https://cdn-1.webcatalog.io/catalog/vvvvid/vvvvid-icon-filled-256.png?v=1722605380402,,Anime Streaming Sites,,,,,,,,,,,,,,,,,Anime Streaming Sites,,,,,
78,WMovies,https://wmovies.one/,,https://www.google.com/s2/favicons?domain=wmovies.one/&sz=128,https://www.google.com/s2/favicons?domain=wmovies.one/&sz=128,Free Movies Streaming Sites,,,,,,,,,,,,,,,,,Free Movies Streaming Sites,,,,,
79,Wuaki.tv,https://www.wuaki.tv,,https://www.google.com/s2/favicons?domain=www.wuaki.tv&sz=128,https://www.google.com/s2/favicons?domain=www.wuaki.tv&sz=128,Best Movie Streaming Sites,,,,,,,,,,,,,,,,,Best Movie Streaming Sites,,,,,
80,YouTube TV,https://tv.youtube.com,,https://www.google.com/s2/favicons?domain=tv.youtube.com&sz=128,https://www.google.com/s2/favicons?domain=tv.youtube.com&sz=128,"Free Movies Streaming Sites,Free Live TV Streaming Sites,Live TV Streaming Sites,Anime Streaming Sites",,,,,,,,,,,,,,,,,Free Movies Streaming Sites,Free Live TV Streaming Sites,Live TV Streaming Sites,Anime Streaming Sites,Free TV Shows Streaming Sites,Free Streaming Apps
81,Zee5,https://www.zee5.com,,https://www.google.com/s2/favicons?domain=www.zee5.com&sz=128,https://www.google.com/s2/favicons?domain=www.zee5.com&sz=128,Best Movie Streaming Sites,,,,,,,,,,,,,,,,,Best Movie Streaming Sites,,,,,
82,Zoro.to,https://zoro.to,,https://www.google.com/s2/favicons?domain=zoro.to&sz=128,https://www.google.com/s2/favicons?domain=zoro.to&sz=128,Anime Streaming Sites,,,,,,,,,,,,,,,,,Anime Streaming Sites,,,,,
83,123Movies,https://ww22.0123movie.net/home.html,,https://www.google.com/s2/favicons?domain=ww22.0123movie.net/home.html&sz=128,https://www.google.com/s2/favicons?domain=ww22.0123movie.net/home.html&sz=128,"Free Movies Streaming Sites,Free Live TV Streaming Sites,Live TV Streaming Sites,Anime Streaming Sites",,,,,,,,,,,,,,,,,Free Movies Streaming Sites,Free Live TV Streaming Sites,Live TV Streaming Sites,Anime Streaming Sites,Best Movie Streaming Sites,Free TV Shows Streaming Sites
84,2Flix,https://2flix.to,,https://d4.alternativeto.net/PTMktJRQG0QyM1x7JhunpHyHlv0u54jxZT1oWVyTchs/rs:fit:280:280:0/g:ce:0:0/exar:1/YWJzOi8vZGlzdC9pY29ucy8yZmxpeF8yMzc5MTYucG5n.png,,Free Movies Streaming Sites,,,,,,,,,,,,,,,,,Free Movies Streaming Sites,,,,,
85,AniWave,https://aniwave.to,,https://www.google.com/s2/favicons?domain=aniwave.to&sz=128,https://www.google.com/s2/favicons?domain=aniwave.to&sz=128,Anime Streaming Sites,,,,,,,,,,,,,,,,,Anime Streaming Sites,,,,,
86,AnimeParadise,https://www.animeparadise.moe/,,https://www.google.com/s2/favicons?domain=www.animeparadise.moe/&sz=128,https://www.google.com/s2/favicons?domain=www.animeparadise.moe/&sz=128,Anime Streaming Sites,,,,,,,,,,,,,,,,,Anime Streaming Sites,,,,,
87,Astro,https://astro.com.my,,https://www.google.com/s2/favicons?domain=astro.com.my&sz=128,https://www.google.com/s2/favicons?domain=astro.com.my&sz=128,Best Movie Streaming Sites,,,,,,,,,,,,,,,,,Best Movie Streaming Sites,,,,,
88,BluTV,https://www.blutv.com,,https://www.google.com/s2/favicons?domain=www.blutv.com&sz=128,https://www.google.com/s2/favicons?domain=www.blutv.com&sz=128,Best Movie Streaming Sites,,,,,,,,,,,,,,,,,Best Movie Streaming Sites,,,,,
89,Crave,https://crave.ca,,https://www.google.com/s2/favicons?domain=crave.ca&sz=128,https://www.google.com/s2/favicons?domain=crave.ca&sz=128,Live TV Streaming Sites,,,,,,,,,,,,,,,,,Live TV Streaming Sites,,,,,
90,FilmRise,https://filmrise.com,,https://is1-ssl.mzstatic.com/image/thumb/Purple211/v4/f1/8d/0a/f18d0a54-5538-0fc6-5e39-fb965e119350/AppIcon-0-0-1x_U007emarketing-0-10-0-85-220.png/246x0w.webp,,"Free Movies Streaming Sites,Free Live TV Streaming Sites",,,,,,,,,,,,,,,,,Free Movies Streaming Sites,Free Live TV Streaming Sites,,,,
91,Fetch TV,https://www.fetchtv.com.au,,https://www.google.com/s2/favicons?domain=www.fetchtv.com.au&sz=128,https://www.google.com/s2/favicons?domain=www.fetchtv.com.au&sz=128,Best Movie Streaming Sites,,,,,,,,,,,,,,,,,Best Movie Streaming Sites,,,,,
92,Flixbaba,https://flixbaba.com,,https://www.google.com/s2/favicons?domain=flixbaba.com&sz=128,https://www.google.com/s2/favicons?domain=flixbaba.com&sz=128,Free Movies Streaming Sites,,,,,,,,,,,,,,,,,Free Movies Streaming Sites,,,,,
93,GO3,https://go3.tv,,https://www.google.com/s2/favicons?domain=go3.tv&sz=128,https://www.google.com/s2/favicons?domain=go3.tv&sz=128,Live TV Streaming Sites,,,,,,,,,,,,,,,,,Live TV Streaming Sites,,,,,
94,Hikari,https://hikari.to,,https://play-lh.googleusercontent.com/JIhDzZY1t1RVnG1eUjyjqn6oDbuGoJRHHqJmujI7E1o8XxZ1yoLHijdqrAQ8Lfy7eg,https://play-lh.googleusercontent.com/JIhDzZY1t1RVnG1eUjyjqn6oDbuGoJRHHqJmujI7E1o8XxZ1yoLHijdqrAQ8Lfy7eg,Anime Streaming Sites,,,,,,,,,,,,,,,,,Anime Streaming Sites,,,,,
95,irokotv,https://irokotv.com,,https://www.google.com/s2/favicons?domain=irokotv.com&sz=128,https://www.google.com/s2/favicons?domain=irokotv.com&sz=128,Anime Streaming Sites,,,,,,,,,,,,,,,,,Anime Streaming Sites,,,,,
96,KinoPoisk,https://www.kinopoisk.ru,,https://www.google.com/s2/favicons?domain=www.kinopoisk.ru&sz=128,https://www.google.com/s2/favicons?domain=www.kinopoisk.ru&sz=128,Best Movie Streaming Sites,,,,,,,,,,,,,,,,,Best Movie Streaming Sites,,,,,
97,Kodi,https://kodi.tv,,https://www.google.com/s2/favicons?domain=kodi.tv&sz=128,https://www.google.com/s2/favicons?domain=kodi.tv&sz=128,Free Streaming Apps,,,,,,,,,,,,,,,,,Free Streaming Apps,,,,,
98,Ligga Play,https://liggoplay.com.br,,https://play-lh.googleusercontent.com/eURqu4q_lwIHdfci5eoiNf1ijCLpBkDO9aQksawYtdNu-ltxr4v_7LVs2o7xNuPT5sQ,,Best Movie Streaming Sites,,,,,,,,,,,,,,,,,Best Movie Streaming Sites,,,,,
99,Plex,https://plex.tv,,https://www.google.com/s2/favicons?domain=plex.tv&sz=128,https://www.google.com/s2/favicons?domain=plex.tv&sz=128,"Free Movies Streaming Sites,Free Live TV Streaming Sites,Free TV Shows Streaming Sites,Free Streaming Apps",,,,,,,,,,,,,,,,,Free Movies Streaming Sites,Free Live TV Streaming Sites,Free TV Shows Streaming Sites,Free Streaming Apps,,
100,Shahid,https://shahid.net,,https://www.google.com/s2/favicons?domain=shahid.net&sz=128,https://www.google.com/s2/favicons?domain=shahid.net&sz=128,Best Movie Streaming Sites,,,,,,,,,,,,,,,,,Best Movie Streaming Sites,,,,,
101,Siara+,https://siara.tv,,https://yt3.googleusercontent.com/ytc/AIdro_mBm_OWBDHyQFgZGamqdSQmnfaCWmonQ3Vy0-AwhzhHpw=s900-c-k-c0x00ffffff-no-rj,,Best Movie Streaming Sites,,,,,,,,,,,,,,,,,Best Movie Streaming Sites,,,,,
102,Solarmovie,https://solarmovie.pe,,https://www.google.com/s2/favicons?domain=solarmovie.pe&sz=128,https://www.google.com/s2/favicons?domain=solarmovie.pe&sz=128,Free Movies Streaming Sites,,,,,,,,,,,,,,,,,Free Movies Streaming Sites,,,,,
103,Stremio,https://www.stremio.com,,https://www.google.com/s2/favicons?domain=www.stremio.com&sz=128,https://www.google.com/s2/favicons?domain=www.stremio.com&sz=128,Free Streaming Apps,,,,,,,,,,,,,,,,,Free Streaming Apps,,,,,
104,Tata Play Binge,https://tata.playbinge.com,,https://cdn3.desidime.com/merchants/3737/medium/tata_play_binge.jpeg?1716455950,https://www.google.com/s2/favicons?domain=tata.playbinge.com&sz=128,Best Movie Streaming Sites,,,,,,,,,,,,,,,,,Best Movie Streaming Sites,,,,,
105,WatchIT,https://watchit.gr,,https://tse3.mm.bing.net/th/id/OIP.DytJ7Iu_Hudhy70mhKiC_gHaHa?rs=1&pid=ImgDetMain&o=7&rm=3,https://www.google.com/s2/favicons?domain=watchit.gr&sz=128,Best Movie Streaming Sites,,,,,,,,,,,,,,,,,Best Movie Streaming Sites,,,,,
106,Xumo,https://play.xumo.com,,https://www.google.com/s2/favicons?domain=play.xumo.com&sz=128,https://www.google.com/s2/favicons?domain=play.xumo.com&sz=128,"Free Movies Streaming Sites,Free Live TV Streaming Sites,Free TV Shows Streaming Sites,Free Streaming Apps",,,,,,,,,,,,,,,,,Free Movies Streaming Sites,Free Live TV Streaming Sites,Free TV Shows Streaming Sites,Free Streaming Apps,,
107,YesMovies,https://yesmovies.ag,,https://www.google.com/s2/favicons?domain=yesmovies.ag&sz=128,https://www.google.com/s2/favicons?domain=yesmovies.ag&sz=128,Free Movies Streaming Sites,,,,,,,,,,,,,,,,,Free Movies Streaming Sites,,,,,
108,Filmzie,https://filmzie.com,,https://www.google.com/s2/favicons?domain=filmzie.com&sz=128,https://www.google.com/s2/favicons?domain=filmzie.com&sz=128,"Free Movies Streaming Sites,Free Streaming Apps",,,,,,,,,,,,,,,,,Free Movies Streaming Sites,Free Streaming Apps,,,,
109,My5,https://www.channel5.com,,https://www.google.com/s2/favicons?domain=www.channel5.com&sz=128,https://www.google.com/s2/favicons?domain=www.channel5.com&sz=128,"Free TV Shows Streaming Sites,Free Streaming Apps",,,,,,,,,,,,,,,,,Free TV Shows Streaming Sites,Free Streaming Apps,,,,
110,STIRR,https://stirr.com,,https://www.google.com/s2/favicons?domain=stirr.com&sz=128,https://www.google.com/s2/favicons?domain=stirr.com&sz=128,"Free Movies Streaming Sites,Free Live TV Streaming Sites,Free TV Shows Streaming Sites,Free Streaming Apps",,,,,,,,,,,,,,,,,Free Movies Streaming Sites,Free Live TV Streaming Sites,Free TV Shows Streaming Sites,Free Streaming Apps,,
111,DistroTV,https://www.distro.tv,,https://www.google.com/s2/favicons?domain=www.distro.tv&sz=128,https://www.google.com/s2/favicons?domain=www.distro.tv&sz=128,"Free Movies Streaming Sites,Free Live TV Streaming Sites,Free TV Shows Streaming Sites,Free Streaming Apps",,,,,,,,,,,,,,,,,Free Movies Streaming Sites,Free Live TV Streaming Sites,Free TV Shows Streaming Sites,Free Streaming Apps,,
112,Shout Factory TV,https://www.shoutfactorytv.com,,https://www.google.com/s2/favicons?domain=www.shoutfactorytv.com&sz=128,https://www.google.com/s2/favicons?domain=www.shoutfactorytv.com&sz=128,"Free Movies Streaming Sites,Free TV Shows Streaming Sites,Anime Streaming Sites",,,,,,,,,,,,,,,,,Free Movies Streaming Sites,Free TV Shows Streaming Sites,Anime Streaming Sites,,,
113,NewsOn,https://newson.us,,https://www.google.com/s2/favicons?domain=newson.us&sz=128,https://www.google.com/s2/favicons?domain=newson.us&sz=128,"Free Live TV Streaming Sites,Free Streaming Apps",,,,,,,,,,,,,,,,,Free Live TV Streaming Sites,Free Streaming Apps,,,,
114,Haystack News,https://www.haystack.tv,,https://www.google.com/s2/favicons?domain=www.haystack.tv&sz=128,https://www.google.com/s2/favicons?domain=www.haystack.tv&sz=128,"Free Live TV Streaming Sites,Live TV Streaming Sites,Free TV Shows Streaming Sites",,,,,,,,,,,,,,,,,Free Live TV Streaming Sites,Live TV Streaming Sites,Free TV Shows Streaming Sites,,,
115,Bloomberg TV+,https://www.bloomberg.com/qt,,https://www.google.com/s2/favicons?domain=www.bloomberg.com/qt&sz=128,https://www.google.com/s2/favicons?domain=www.bloomberg.com/qt&sz=128,"Free Live TV Streaming Sites,Free Streaming Apps",,,,,,,,,,,,,,,,,Free Live TV Streaming Sites,Free Streaming Apps,,,,
116,NHK World-Japan,https://www3.nhk.or.jp/nhkworld,,https://www.google.com/s2/favicons?domain=www3.nhk.or.jp/nhkworld&sz=128,https://www.google.com/s2/favicons?domain=www3.nhk.or.jp/nhkworld&sz=128,"Free Movies Streaming Sites,Free Live TV Streaming Sites,Free TV Shows Streaming Sites,Free Streaming Apps",,,,,,,,,,,,,,,,,Free Movies Streaming Sites,Free Live TV Streaming Sites,Free TV Shows Streaming Sites,Free Streaming Apps,,
117,Joyn,https://www.joyn.de,,https://www.google.com/s2/favicons?domain=www.joyn.de&sz=128,https://www.google.com/s2/favicons?domain=www.joyn.de&sz=128,"Free Movies Streaming Sites,Free Live TV Streaming Sites,Free TV Shows Streaming Sites,Free Streaming Apps",,,,,,,,,,,,,,,,,Free Movies Streaming Sites,Free Live TV Streaming Sites,Free TV Shows Streaming Sites,Free Streaming Apps,,
118,Molotov,https://www.molotov.tv,,https://www.google.com/s2/favicons?domain=www.molotov.tv&sz=128,https://www.google.com/s2/favicons?domain=www.molotov.tv&sz=128,,,,,,,,,,,,,,,,,,,,,,,
119,StarHub TV+,https://www.starhubtvplus.com,,https://www.google.com/s2/favicons?domain=www.starhubtvplus.com&sz=128,https://www.google.com/s2/favicons?domain=www.starhubtvplus.com&sz=128,"Free Streaming Apps,Free Live TV Streaming Sites",,,,,,,,,,,,,,,,,Free Streaming Apps,Free Live TV Streaming Sites,,,,
120,Foxtel Now,https://www.foxtel.com.au/now,,https://www.google.com/s2/favicons?domain=www.foxtel.com.au/now&sz=128,https://www.google.com/s2/favicons?domain=www.foxtel.com.au/now&sz=128,"Live TV Streaming Sites,Best Movie Streaming Sites,Free Streaming Apps",,,,,,,,,,,,,,,,,Live TV Streaming Sites,Best Movie Streaming Sites,Free Streaming Apps,,,
121,Stan,https://www.stan.com.au,,https://www.google.com/s2/favicons?domain=www.stan.com.au&sz=128,https://www.google.com/s2/favicons?domain=www.stan.com.au&sz=128,"Free Movies Streaming Sites,Best Movie Streaming Sites,Free Streaming Apps",,,,,,,,,,,,,,,,,Free Movies Streaming Sites,Best Movie Streaming Sites,Free Streaming Apps,,,
122,Hallmark Movies Now,https://www.hallmarkplus.com/,,https://www.google.com/s2/favicons?domain=www.hallmarkplus.com/&sz=128,https://www.google.com/s2/favicons?domain=www.hallmarkplus.com/&sz=128,"Best Movie Streaming Sites,Free TV Shows Streaming Sites",,,,,,,,,,,,,,,,,Best Movie Streaming Sites,Free TV Shows Streaming Sites,,,,
123,DocuBay,https://www.docubay.com,,https://www.google.com/s2/favicons?domain=www.docubay.com&sz=128,https://www.google.com/s2/favicons?domain=www.docubay.com&sz=128,"Best Movie Streaming Sites,Free Streaming Apps",,,,,,,,,,,,,,,,,Best Movie Streaming Sites,Free Streaming Apps,,,,
124,Rakuten Viki,https://www.viki.com,,https://www.google.com/s2/favicons?domain=www.viki.com&sz=128,https://www.google.com/s2/favicons?domain=www.viki.com&sz=128,"Best Movie Streaming Sites,Free Streaming Apps,Free TV Shows Streaming Sites",,,,,,,,,,,,,,,,,Best Movie Streaming Sites,Free Streaming Apps,Free TV Shows Streaming Sites,,,
125,OSN+,https://osnplus.com,,https://www.google.com/s2/favicons?domain=osnplus.com&sz=128,https://www.google.com/s2/favicons?domain=osnplus.com&sz=128,"Free Movies Streaming Sites,Free TV Shows Streaming Sites,Free Streaming Apps,Best Movie Streaming Sites",,,,,,,,,,,,,,,,,Free Movies Streaming Sites,Free TV Shows Streaming Sites,Free Streaming Apps,Best Movie Streaming Sites,,
126,Hoichoi,https://www.hoichoi.tv,,https://www.google.com/s2/favicons?domain=www.hoichoi.tv&sz=128,https://www.google.com/s2/favicons?domain=www.hoichoi.tv&sz=128,"Free Movies Streaming Sites,Free Streaming Apps,Best Movie Streaming Sites",,,,,,,,,,,,,,,,,Free Movies Streaming Sites,Free Streaming Apps,Best Movie Streaming Sites,,,
128,Midnight Pulp,https://www.midnightpulp.com,,https://www.google.com/s2/favicons?domain=www.midnightpulp.com&sz=128,https://www.google.com/s2/favicons?domain=www.midnightpulp.com&sz=128,,,,,,,,,,,,,,,,,,,,,,,
129,Bahamut Anime,https://ani.gamer.com.tw,,https://www.google.com/s2/favicons?domain=ani.gamer.com.tw&sz=128,https://www.google.com/s2/favicons?domain=ani.gamer.com.tw&sz=128,,,,,,,,,,,,,,,,,,,,,,,
130,Anime-Planet,https://www.anime-planet.com,,https://www.google.com/s2/favicons?domain=www.anime-planet.com&sz=128,https://www.google.com/s2/favicons?domain=www.anime-planet.com&sz=128,"Anime Streaming Sites,Free Streaming Apps",,,,,,,,,,,,,,,,,Anime Streaming Sites,Free Streaming Apps,,,,
131,AniPlus Asia,https://www.aniplus-asia.com,,https://tse3.mm.bing.net/th/id/OIP.f-wTmD2QgwIW_c7ZCs4zNAAAAA?rs=1&pid=ImgDetMain&o=7&rm=3,https://www.google.com/s2/favicons?domain=www.aniplus-asia.com&sz=128,,,,,,,,,,,,,,,,,,,,,,,
132,iWantTFC,https://www.iwanttfc.com,,https://www.google.com/s2/favicons?domain=www.iwanttfc.com&sz=128,https://www.google.com/s2/favicons?domain=www.iwanttfc.com&sz=128,"Free Movies Streaming Sites,Free Live TV Streaming Sites,Live TV Streaming Sites,Best Movie Streaming Sites",,,,,,,,,,,,,,,,,Free Movies Streaming Sites,Free Live TV Streaming Sites,Live TV Streaming Sites,Best Movie Streaming Sites,Free TV Shows Streaming Sites,Free Streaming Apps
133,RaiPlay,https://www.raiplay.it,,https://www.google.com/s2/favicons?domain=www.raiplay.it&sz=128,https://www.google.com/s2/favicons?domain=www.raiplay.it&sz=128,"Free Live TV Streaming Sites,Free Movies Streaming Sites,Free Streaming Apps,Free TV Shows Streaming Sites",,,,,,,,,,,,,,,,,Free Live TV Streaming Sites,Free Movies Streaming Sites,Free Streaming Apps,Free TV Shows Streaming Sites,Best Movie Streaming Sites,
134,RTVE Play,https://www.rtve.es/play,,https://www.google.com/s2/favicons?domain=www.rtve.es/play&sz=128,https://www.google.com/s2/favicons?domain=www.rtve.es/play&sz=128,"Free Live TV Streaming Sites,Free Movies Streaming Sites,Free Streaming Apps,Free TV Shows Streaming Sites",,,,,,,,,,,,,,,,,Free Live TV Streaming Sites,Free Movies Streaming Sites,Free Streaming Apps,Free TV Shows Streaming Sites,Best Movie Streaming Sites,
135,CBC Gem,https://gem.cbc.ca,,https://www.google.com/s2/favicons?domain=gem.cbc.ca&sz=128,https://www.google.com/s2/favicons?domain=gem.cbc.ca&sz=128,"Free Live TV Streaming Sites,Free Movies Streaming Sites,Free Streaming Apps,Free TV Shows Streaming Sites",,,,,,,,,,,,,,,,,Free Live TV Streaming Sites,Free Movies Streaming Sites,Free Streaming Apps,Free TV Shows Streaming Sites,Best Movie Streaming Sites,
136,SBS On Demand,https://www.sbs.com.au/ondemand,,https://www.google.com/s2/favicons?domain=www.sbs.com.au/ondemand&sz=128,https://www.google.com/s2/favicons?domain=www.sbs.com.au/ondemand&sz=128,"Free Live TV Streaming Sites,Free Movies Streaming Sites,Free Streaming Apps,Free TV Shows Streaming Sites",,,,,,,,,,,,,,,,,Free Live TV Streaming Sites,Free Movies Streaming Sites,Free Streaming Apps,Free TV Shows Streaming Sites,Best Movie Streaming Sites,
137,TVNZ+,https://www.tvnz.co.nz,,https://www.google.com/s2/favicons?domain=www.tvnz.co.nz&sz=128,https://www.google.com/s2/favicons?domain=www.tvnz.co.nz&sz=128,"Free Movies Streaming Sites,Free Streaming Apps,Free TV Shows Streaming Sites,Best Movie Streaming Sites",,,,,,,,,,,,,,,,,Free Movies Streaming Sites,Free Streaming Apps,Free TV Shows Streaming Sites,Best Movie Streaming Sites,,
138,ITVX,https://www.itv.com,,https://www.google.com/s2/favicons?domain=www.itv.com&sz=128,https://www.google.com/s2/favicons?domain=www.itv.com&sz=128,"Free Movies Streaming Sites,Free Streaming Apps,Free TV Shows Streaming Sites,Best Movie Streaming Sites",,,,,,,,,,,,,,,,,Free Movies Streaming Sites,Free Streaming Apps,Free TV Shows Streaming Sites,Best Movie Streaming Sites,,
139,UKTV Play,https://uktvplay.co.uk,,https://www.google.com/s2/favicons?domain=uktvplay.co.uk&sz=128,https://www.google.com/s2/favicons?domain=uktvplay.co.uk&sz=128,"Free Movies Streaming Sites,Free Streaming Apps,Free TV Shows Streaming Sites,Best Movie Streaming Sites",,,,,,,,,,,,,,,,,Free Movies Streaming Sites,Free Streaming Apps,Free TV Shows Streaming Sites,Best Movie Streaming Sites,,
140,ABC.com,https://abc.com,,https://www.google.com/s2/favicons?domain=abc.com&sz=128,https://www.google.com/s2/favicons?domain=abc.com&sz=128,"Free TV Shows Streaming Sites,Free Streaming Apps",,,,,,,,,,,,,,,,,Free TV Shows Streaming Sites,Free Streaming Apps,,,,
141,NBC.com,https://www.nbc.com,,https://www.google.com/s2/favicons?domain=www.nbc.com&sz=128,https://www.google.com/s2/favicons?domain=www.nbc.com&sz=128,"Free TV Shows Streaming Sites,Free Streaming Apps",,,,,,,,,,,,,,,,,Free TV Shows Streaming Sites,Free Streaming Apps,,,,
142,FOX,https://www.fox.com,,https://www.google.com/s2/favicons?domain=www.fox.com&sz=128,https://www.google.com/s2/favicons?domain=www.fox.com&sz=128,"Free TV Shows Streaming Sites,Free Streaming Apps",,,,,,,,,,,,,,,,,Free TV Shows Streaming Sites,Free Streaming Apps,,,,
143,Freeform,https://www.freeform.com,,https://www.google.com/s2/favicons?domain=www.freeform.com&sz=128,https://www.google.com/s2/favicons?domain=www.freeform.com&sz=128,"Free Streaming Apps,Free TV Shows Streaming Sites",,,,,,,,,,,,,,,,,Free Streaming Apps,Free TV Shows Streaming Sites,,,,
144,popcorntv,https://popcorntv.it,,https://www.google.com/s2/favicons?domain=popcorntv.it&sz=128,https://www.google.com/s2/favicons?domain=popcorntv.it&sz=128,Free TV Shows Streaming Sites,,,,,,,,,,,,,,,,,Free TV Shows Streaming Sites,,,,,
145,GlobalTV Canada,https://www.globaltv.com,,https://www.google.com/s2/favicons?domain=www.globaltv.com&sz=128,https://www.google.com/s2/favicons?domain=www.globaltv.com&sz=128,Free TV Shows Streaming Sites,,,,,,,,,,,,,,,,,Free TV Shows Streaming Sites,,,,,
146,CityTV,https://www.citytv.com,,https://www.google.com/s2/favicons?domain=www.citytv.com&sz=128,https://www.google.com/s2/favicons?domain=www.citytv.com&sz=128,"Free Movies Streaming Sites,Anime Streaming Sites",,,,,,,,,,,,,,,,,Free Movies Streaming Sites,Anime Streaming Sites,,,,
147,NOS TV,https://nostv.pt/bemvindo,,https://www.google.com/s2/favicons?domain=nostv.pt/bemvindo&sz=128,https://www.google.com/s2/favicons?domain=nostv.pt/bemvindo&sz=128,"Free Movies Streaming Sites,Free TV Shows Streaming Sites,Free Streaming Apps",,,,,,,,,,,,,,,,,Free Movies Streaming Sites,Free TV Shows Streaming Sites,Free Streaming Apps,,,
148,Videoland (Netherlands),https://www.videoland.com,,https://www.google.com/s2/favicons?domain=www.videoland.com&sz=128,https://www.google.com/s2/favicons?domain=www.videoland.com&sz=128,"Free TV Shows Streaming Sites,Free Streaming Apps",,,,,,,,,,,,,,,,,Free TV Shows Streaming Sites,Free Streaming Apps,,,,
149,GoPlay,https://www.goplay.be,,https://www.google.com/s2/favicons?domain=www.goplay.be&sz=128,https://www.google.com/s2/favicons?domain=www.goplay.be&sz=128,"Free TV Shows Streaming Sites,Free Streaming Apps",,,,,,,,,,,,,,,,,Free TV Shows Streaming Sites,Free Streaming Apps,,,,
150,TV2 Play,https://play.tv2.no,,https://www.google.com/s2/favicons?domain=play.tv2.no&sz=128,https://www.google.com/s2/favicons?domain=play.tv2.no&sz=128,"Best Movie Streaming Sites,Free Streaming Apps",,,,,,,,,,,,,,,,,Best Movie Streaming Sites,Free Streaming Apps,,,,
151,Globe Player,https://globeplayer.tv,,https://www.google.com/s2/favicons?domain=globeplayer.tv&sz=128,https://www.google.com/s2/favicons?domain=globeplayer.tv&sz=128,"Best Movie Streaming Sites,Free Streaming Apps",,,,,,,,,,,,,,,,,Best Movie Streaming Sites,Free Streaming Apps,,,,
152,VideoElephant,https://www.videoelephant.tv,,https://play-lh.googleusercontent.com/xvm58xkDDxs09Z_oAtp5i7oZ-4pq18bCsRtsX0fLsi9lSxiba2qxUYOScfA05wPMnTUL,https://www.google.com/s2/favicons?domain=www.videoelephant.tv&sz=128,"Free Movies Streaming Sites,Free TV Shows Streaming Sites,Free Streaming Apps",,,,,,,,,,,,,,,,,Free Movies Streaming Sites,Free TV Shows Streaming Sites,Free Streaming Apps,,,
153,allblk,https://allblk.tv/,,https://www.google.com/s2/favicons?domain=allblk.tv/&sz=128,https://www.google.com/s2/favicons?domain=allblk.tv/&sz=128,"Free Movies Streaming Sites,Free TV Shows Streaming Sites,Free Streaming Apps",,,,,,,,,,,,,,,,,Free Movies Streaming Sites,Free TV Shows Streaming Sites,Free Streaming Apps,,,
154,tv4 play,https://www.tv4play.se/,,https://www.google.com/s2/favicons?domain=www.tv4play.se/&sz=128,https://www.google.com/s2/favicons?domain=www.tv4play.se/&sz=128,"Best Movie Streaming Sites,Free Streaming Apps",,,,,,,,,,,,,,,,,Best Movie Streaming Sites,Free Streaming Apps,,,,
155,France TV,https://www.france.tv,,https://www.google.com/s2/favicons?domain=www.france.tv&sz=128,https://www.google.com/s2/favicons?domain=www.france.tv&sz=128,"Free TV Shows Streaming Sites,Free Streaming Apps",,,,,,,,,,,,,,,,,Free TV Shows Streaming Sites,Free Streaming Apps,,,,
156,Yle Areena,https://areena.yle.fi,,https://www.google.com/s2/favicons?domain=areena.yle.fi&sz=128,https://www.google.com/s2/favicons?domain=areena.yle.fi&sz=128,"Free Live TV Streaming Sites,Free TV Shows Streaming Sites,Free Streaming Apps",,,,,,,,,,,,,,,,,Free Live TV Streaming Sites,Free TV Shows Streaming Sites,Free Streaming Apps,,,
157,DR TV,https://www.dr.dk/drtv,,https://www.google.com/s2/favicons?domain=www.dr.dk/drtv&sz=128,https://www.google.com/s2/favicons?domain=www.dr.dk/drtv&sz=128,"Free Movies Streaming Sites,Free TV Shows Streaming Sites,Free Live TV Streaming Sites,Free Streaming Apps",,,,,,,,,,,,,,,,,Free Movies Streaming Sites,Free TV Shows Streaming Sites,Free Live TV Streaming Sites,Free Streaming Apps,,
158,NRK TV,https://tv.nrk.no,,https://www.google.com/s2/favicons?domain=tv.nrk.no&sz=128,https://www.google.com/s2/favicons?domain=tv.nrk.no&sz=128,"Free Movies Streaming Sites,Free TV Shows Streaming Sites,Free Live TV Streaming Sites,Free Streaming Apps",,,,,,,,,,,,,,,,,Free Movies Streaming Sites,Free TV Shows Streaming Sites,Free Live TV Streaming Sites,Free Streaming Apps,,
159,Eros Now,https://erosnow.com,,https://www.google.com/s2/favicons?domain=erosnow.com&sz=128,https://www.google.com/s2/favicons?domain=erosnow.com&sz=128,"Free Movies Streaming Sites,Free TV Shows Streaming Sites,Free Streaming Apps",,,,,,,,,,,,,,,,,Free Movies Streaming Sites,Free TV Shows Streaming Sites,Free Streaming Apps,,,
160,Mhz Choice,https://watch.mhzchoice.com,,https://www.google.com/s2/favicons?domain=watch.mhzchoice.com&sz=128,https://www.google.com/s2/favicons?domain=watch.mhzchoice.com&sz=128,"Best Movie Streaming Sites,Free TV Shows Streaming Sites,Free Streaming Apps",,,,,,,,,,,,,,,,,Best Movie Streaming Sites,Free TV Shows Streaming Sites,Free Streaming Apps,,,
161,DocAlliance,https://dafilms.com,,https://www.google.com/s2/favicons?domain=dafilms.com&sz=128,https://www.google.com/s2/favicons?domain=dafilms.com&sz=128,"Best Movie Streaming Sites,Free Streaming Apps",,,,,,,,,,,,,,,,,Best Movie Streaming Sites,Free Streaming Apps,,,,
162,Curiosity Now,https://curiositystream.com/now,,https://www.google.com/s2/favicons?domain=curiositystream.com/now&sz=128,https://www.google.com/s2/favicons?domain=curiositystream.com/now&sz=128,"Best Movie Streaming Sites,Free Streaming Apps",,,,,,,,,,,,,,,,,Best Movie Streaming Sites,Free Streaming Apps,,,,
163,Festival Scope,https://www.festivalscope.com,,https://www.google.com/s2/favicons?domain=www.festivalscope.com&sz=128,https://www.google.com/s2/favicons?domain=www.festivalscope.com&sz=128,"Best Movie Streaming Sites,Free Streaming Apps",,,,,,,,,,,,,,,,,Best Movie Streaming Sites,Free Streaming Apps,,,,
164,FilmDoo,https://www.filmdoo.com,,https://www.google.com/s2/favicons?domain=www.filmdoo.com&sz=128,https://www.google.com/s2/favicons?domain=www.filmdoo.com&sz=128,"Best Movie Streaming Sites,Free Streaming Apps",,,,,,,,,,,,,,,,,Best Movie Streaming Sites,Free Streaming Apps,,,,
165,IndieFlix,https://www.indieflix.com,,https://www.google.com/s2/favicons?domain=www.indieflix.com&sz=128,https://www.google.com/s2/favicons?domain=www.indieflix.com&sz=128,"Best Movie Streaming Sites,Free Streaming Apps",,,,,,,,,,,,,,,,,Best Movie Streaming Sites,Free Streaming Apps,,,,
166,Cineverse,https://www.cineverse.com,,https://www.google.com/s2/favicons?domain=www.cineverse.com&sz=128,https://www.google.com/s2/favicons?domain=www.cineverse.com&sz=128,"Best Movie Streaming Sites,Free Streaming Apps",,,,,,,,,,,,,,,,,Best Movie Streaming Sites,Free Streaming Apps,,,,
167,Screambox,https://www.screambox.com,,https://www.google.com/s2/favicons?domain=www.screambox.com&sz=128,https://www.google.com/s2/favicons?domain=www.screambox.com&sz=128,"Free Movies Streaming Sites,Free TV Shows Streaming Sites,Free Streaming Apps",,,,,,,,,,,,,,,,,Free Movies Streaming Sites,Free TV Shows Streaming Sites,Free Streaming Apps,,,
168,Bounce TV,https://www.bouncetv.com,,https://www.google.com/s2/favicons?domain=www.bouncetv.com&sz=128,https://www.google.com/s2/favicons?domain=www.bouncetv.com&sz=128,"Best Movie Streaming Sites,Free Streaming Apps",,,,,,,,,,,,,,,,,Best Movie Streaming Sites,Free Streaming Apps,,,,
169,Niconico,https://www.nicovideo.jp,,https://www.google.com/s2/favicons?domain=www.nicovideo.jp&sz=128,https://www.google.com/s2/favicons?domain=www.nicovideo.jp&sz=128,"Free TV Shows Streaming Sites,Free Live TV Streaming Sites,Free Streaming Apps",,,,,,,,,,,,,,,,,Free TV Shows Streaming Sites,Free Live TV Streaming Sites,Free Streaming Apps,,,
170,FOD Japan,https://www.fujitv.co.jp/FOD,,https://www.google.com/s2/favicons?domain=www.fujitv.co.jp/FOD&sz=128,https://www.google.com/s2/favicons?domain=www.fujitv.co.jp/FOD&sz=128,"Anime Streaming Sites,Free TV Shows Streaming Sites,Free Streaming Apps",,,,,,,,,,,,,,,,,Anime Streaming Sites,Free TV Shows Streaming Sites,Free Streaming Apps,,,
171,JTBC Korea,https://tv.jtbc.co.kr,,https://www.google.com/s2/favicons?domain=tv.jtbc.co.kr&sz=128,https://www.google.com/s2/favicons?domain=tv.jtbc.co.kr&sz=128,"Free Movies Streaming Sites,Free TV Shows Streaming Sites,Free Streaming Apps",,,,,,,,,,,,,,,,,Free Movies Streaming Sites,Free TV Shows Streaming Sites,Free Streaming Apps,,,